Timecode,BlendshapeCount,CheekSquintRight,EyeSquintRight,MouthDimpleRight,NoseSneerRight,MouthSmileRight,JawOpen,MouthUpperUpRight,BrowDownRight,CheekSquintLeft,EyeSquintLeft,MouthDimpleLeft,NoseSneerLeft,MouthSmileLeft,MouthUpperUpLeft,BrowDownLeft
02:49:57:51.760,61,0.031550631,0.037095186,0.012734428,0.038723211,0.034561518,0.031240941,0.014122807,0.00067014,0.031550631,0.037095186,0.012734428,0.038723211,0.034561518,0.014122807,0.00067014
02:49:57:52.762,61,0.031550631,0.037095186,0.012734428,0.038723211,0.034561518,0.031240941,0.014122807,0.00067014,0.031550631,0.037095186,0.012734428,0.038723211,0.034561518,0.014122807,0.00067014
02:49:57:53.763,61,0.031523213,0.036990813,0.012736427,0.038735645,0.034532171,0.031275848,0.014106848,0.00067014,0.031523213,0.036990813,0.012736427,0.038735645,0.034532171,0.014106848,0.00067014
02:49:57:54.765,61,0.031341798,0.036691555,0.012625653,0.038587017,0.034323407,0.031172069,0.014034436,0.00029375,0.031341798,0.036691555,0.012625653,0.038587017,0.034323407,0.014034436,0.00029375
02:49:57:55.766,61,0.031284039,0.036570067,0.012610777,0.038579486,0.034274645,0.031040811,0.014011065,0.000389209,0.031284039,0.036570067,0.012610777,0.038579486,0.034274645,0.014011065,0.000389209
02:49:57:56.768,61,0.031216617,0.036373548,0.012594565,0.038549441,0.034319158,0.030898502,0.014040627,0.000177754,0.031216617,0.036373548,0.012594565,0.038549441,0.034319158,0.014040627,0.000177754
02:49:57:57.769,61,0.031153229,0.03616837,0.012559417,0.03852543,0.034513763,0.030841762,0.014153642,5.69e-05,0.031153229,0.03616837,0.012559417,0.03852543,0.034513763,0.014153642,5.69e-05
02:49:57:58.771,61,0.031130792,0.036110647,0.012549282,0.038506611,0.034473534,0.030823984,0.014140844,6.75e-05,0.031130792,0.036110647,0.012549282,0.038506611,0.034473534,0.014140844,6.75e-05
02:49:57:59.773,61,0.03108521,0.036153429,0.012467847,0.038563867,0.034637546,0.030658211,0.014204127,0.000106584,0.03108521,0.036153429,0.012467847,0.038563867,0.034637546,0.014204127,0.000106584
02:49:58:00.774,61,0.031030551,0.036076625,0.012453417,0.038544368,0.034665372,0.030602521,0.014205265,0.000106584,0.031030551,0.036076625,0.012453417,0.038544368,0.034665372,0.014205265,0.000106584
02:49:58:01.776,61,0.030997981,0.036062415,0.012491227,0.03855931,0.034919721,0.03057348,0.01425675,8.23e-05,0.030997981,0.036062415,0.012491227,0.03855931,0.034919721,0.01425675,8.23e-05
02:49:58:02.777,61,0.030997436,0.036207595,0.012566562,0.038560033,0.034923019,0.030887837,0.014293047,8.23e-05,0.030997436,0.036207595,0.012566562,0.038560033,0.034923019,0.014293047,8.23e-05
02:49:58:03.779,61,0.030905988,0.036205673,0.012540211,0.038449731,0.034760509,0.03083806,0.014280066,7.26e-05,0.030905988,0.036205673,0.012540211,0.038449731,0.034760509,0.014280066,7.26e-05
02:49:58:04.781,61,0.030751446,0.036186523,0.012534691,0.038369382,0.034742539,0.030785486,0.014278883,0.000177754,0.030751446,0.036186523,0.012534691,0.038369382,0.034742539,0.014278883,0.000177754
02:49:58:05.782,61,0.030783363,0.036376605,0.012569492,0.038327415,0.034577699,0.030772262,0.014287535,0.000177754,0.030783363,0.036376605,0.012569492,0.038327415,0.034577699,0.014287535,0.000177754
02:49:58:06.784,61,0.030885822,0.036525895,0.012606047,0.038368348,0.034657847,0.030865865,0.014351332,0.0001443,0.030885822,0.036525895,0.012606047,0.038368348,0.034657847,0.014351332,0.0001443
02:49:58:07.786,61,0.030722965,0.03622359,0.012668153,0.038068959,0.034535437,0.030583668,0.014268359,6.75e-05,0.030722965,0.03622359,0.012668153,0.038068959,0.034535437,0.014268359,6.75e-05
02:49:58:08.788,61,0.030696472,0.036313592,0.01273724,0.03806071,0.034701235,0.030422293,0.014340494,0.000213044,0.030696472,0.036313592,0.01273724,0.03806071,0.034701235,0.014340494,0.000213044
02:49:58:09.789,61,0.031001389,0.036733863,0.012796743,0.038178221,0.034783781,0.030562678,0.014538057,0.000213044,0.031001389,0.036733863,0.012796743,0.038178221,0.034783781,0.014538057,0.000213044
02:49:58:10.791,61,0.030870648,0.036562403,0.012893016,0.037958581,0.034658196,0.030334425,0.014449821,0.000177754,0.030870648,0.036562403,0.012893016,0.037958581,0.034658196,0.014449821,0.000177754
02:49:58:11.792,61,0.030929108,0.036643213,0.012904401,0.037990998,0.034755944,0.03036281,0.01448598,0.0001443,0.030929108,0.036643213,0.012904401,0.037990998,0.034755944,0.01448598,0.0001443
02:49:58:12.794,61,0.030981979,0.036927185,0.012962075,0.037979515,0.034795494,0.030410625,0.014499951,7.26e-05,0.030981979,0.036927185,0.012962075,0.037979515,0.034795494,0.014499951,7.26e-05
02:49:58:13.796,61,0.030894046,0.036921291,0.012903596,0.037883804,0.034319373,0.030367633,0.014450491,6.75e-05,0.030894046,0.036921291,0.012903596,0.037883804,0.034319373,0.014450491,6.75e-05
02:49:58:14.797,61,0.030972888,0.037134555,0.012945371,0.03796598,0.034415309,0.030492433,0.014486766,6.75e-05,0.030972888,0.037134555,0.012945371,0.03796598,0.034415309,0.014486766,6.75e-05
02:49:58:15.799,61,0.031114802,0.03727722,0.012995573,0.038045361,0.034411483,0.030590428,0.014503982,0.000106584,0.031114802,0.03727722,0.012995573,0.038045361,0.034411483,0.014503982,0.000106584
02:49:58:16.800,61,0.031183723,0.037338819,0.013004091,0.038074549,0.034327616,0.030661239,0.014517457,0.000179053,0.031183723,0.037338819,0.013004091,0.038074549,0.034327616,0.014517457,0.000179053
02:49:58:17.802,61,0.031235941,0.037449335,0.013037665,0.0381062,0.034391736,0.030715143,0.014539689,0.000179053,0.031235941,0.037449335,0.013037665,0.0381062,0.034391736,0.014539689,0.000179053
02:49:58:18.803,61,0.031300475,0.037555247,0.013057348,0.038145656,0.034388817,0.030779119,0.014550792,0.000216306,0.031300475,0.037555247,0.013057348,0.038145656,0.034388817,0.014550792,0.000216306
02:49:58:19.805,61,0.031333941,0.03749831,0.013063709,0.038130969,0.035158566,0.030790403,0.014563017,0.0,0.031333941,0.03749831,0.013063709,0.038130969,0.035158566,0.014563017,0.0
02:49:58:20.807,61,0.031332867,0.037549929,0.013058486,0.038124533,0.03523962,0.030763391,0.014565637,0.0,0.031332867,0.037549929,0.013058486,0.038124533,0.03523962,0.014565637,0.0
02:49:58:21.808,61,0.031344751,0.037537451,0.013080307,0.038114245,0.035350289,0.030753783,0.014549263,0.0,0.031344751,0.037537451,0.013080307,0.038114245,0.035350289,0.014549263,0.0
02:49:58:22.810,61,0.031356225,0.037603289,0.013075523,0.038101722,0.035301349,0.030707442,0.014538586,0.0,0.031356225,0.037603289,0.013075523,0.038101722,0.035301349,0.014538586,0.0
02:49:58:23.811,61,0.031301028,0.037539735,0.013063982,0.038036641,0.035128365,0.030675713,0.014498502,0.0,0.031301028,0.037539735,0.013063982,0.038036641,0.035128365,0.014498502,0.0
02:49:58:24.813,61,0.031370708,0.037613893,0.013083051,0.038076445,0.03517439,0.030699442,0.014519016,0.0,0.031370708,0.037613893,0.013083051,0.038076445,0.03517439,0.014519016,0.0
02:49:58:25.814,61,0.031336039,0.037591776,0.013076372,0.037979252,0.035068399,0.030641603,0.014496701,0.0,0.031336039,0.037591776,0.013076372,0.037979252,0.035068399,0.014496701,0.0
02:49:58:26.816,61,0.031360879,0.037617793,0.013098299,0.037969118,0.034959294,0.030706944,0.014511247,0.0,0.031360879,0.037617793,0.013098299,0.037969118,0.034959294,0.014511247,0.0
02:49:58:27.818,61,0.031559264,0.037801826,0.01321436,0.038102877,0.035780651,0.030918285,0.014543716,0.0,0.031559264,0.037801826,0.01321436,0.038102877,0.035780651,0.014543716,0.0
02:49:58:28.819,61,0.031768802,0.037928226,0.013311898,0.038206363,0.037274268,0.031018418,0.014538101,0.0,0.031768802,0.037928226,0.013311898,0.038206363,0.037274268,0.014538101,0.0
02:49:58:29.821,61,0.031724877,0.03793051,0.01330018,0.038116736,0.037211532,0.031012929,0.01448903,0.0,0.031724877,0.03793051,0.01330018,0.038116736,0.037211532,0.01448903,0.0
02:49:58:30.822,61,0.031716323,0.037958501,0.013308208,0.038046484,0.037221195,0.030973685,0.014432567,0.0,0.031716323,0.037958501,0.013308208,0.038046484,0.037221195,0.014432567,0.0
02:49:58:31.824,61,0.031693506,0.037929871,0.013302143,0.037999076,0.037040007,0.030953696,0.014461803,0.0,0.031693506,0.037929871,0.013302143,0.037999076,0.037040007,0.014461803,0.0
02:49:58:32.826,61,0.031796234,0.037920674,0.013339017,0.037957517,0.036962933,0.030877607,0.014436411,9.65e-05,0.031796234,0.037920674,0.013339017,0.037957517,0.036962933,0.014436411,9.65e-05
02:49:58:33.827,61,0.031846433,0.037964118,0.01334415,0.037939009,0.036771243,0.030844961,0.014418959,0.00013773,0.031846433,0.037964118,0.01334415,0.037939009,0.036771243,0.014418959,0.00013773
02:49:58:34.829,61,0.032296013,0.038029272,0.013482558,0.038157236,0.037418941,0.030727348,0.014486833,0.000381007,0.032296013,0.038029272,0.013482558,0.038157236,0.037418941,0.014486833,0.000381007
02:49:58:35.830,61,0.032906563,0.038791646,0.013642041,0.038437592,0.038775122,0.030653334,0.014584476,0.000671419,0.032906563,0.038791646,0.013642041,0.038437592,0.038775122,0.014584476,0.000671419
02:49:58:36.832,61,0.032993691,0.03892637,0.013808782,0.03871734,0.039366356,0.03074526,0.01469886,0.000956279,0.032993691,0.03892637,0.013808782,0.03871734,0.039366356,0.01469886,0.000956279
02:49:58:37.833,61,0.032982472,0.039373465,0.013799364,0.038670046,0.039366356,0.030750682,0.014691574,0.000956279,0.032982472,0.039373465,0.013799364,0.038670046,0.039366356,0.014691574,0.000956279
02:49:58:38.835,61,0.033182466,0.039577607,0.013787292,0.038751118,0.039470166,0.030573843,0.014723649,0.000973875,0.033182466,0.039577607,0.013787292,0.038751118,0.039470166,0.014723649,0.000973875
02:49:58:39.837,61,0.033216562,0.039710416,0.013785346,0.038768616,0.039581038,0.030530845,0.014749911,0.000964215,0.033216562,0.039710416,0.013785346,0.038768616,0.039581038,0.014749911,0.000964215
02:49:58:40.839,61,0.033294894,0.039819995,0.013737634,0.038806013,0.039384741,0.030547354,0.01472597,0.000990583,0.033294894,0.039819995,0.013737634,0.038806013,0.039384741,0.01472597,0.000990583
02:49:58:41.840,61,0.033255951,0.039912592,0.013707179,0.038772664,0.039143886,0.030451557,0.014700045,0.000960114,0.033255951,0.039912592,0.013707179,0.038772664,0.039143886,0.014700045,0.000960114
02:49:58:42.842,61,0.033177822,0.039972333,0.01370459,0.038700959,0.039887261,0.030181391,0.014665416,0.00076454,0.033177822,0.039972333,0.01370459,0.038700959,0.039887261,0.014665416,0.00076454
02:49:58:43.843,61,0.033230875,0.040060118,0.013711597,0.038731863,0.039887261,0.030191953,0.014680919,0.00076454,0.033230875,0.040060118,0.013711597,0.038731863,0.039887261,0.014680919,0.00076454
02:49:58:44.845,61,0.033444824,0.040395099,0.013755493,0.038881102,0.039870712,0.030195315,0.014738873,0.000761697,0.033444824,0.040395099,0.013755493,0.038881102,0.039870712,0.014738873,0.000761697
02:49:58:45.847,61,0.033457331,0.040456206,0.013743614,0.038840756,0.039523633,0.030094726,0.014738329,0.000755162,0.033457331,0.040456206,0.013743614,0.038840756,0.039523633,0.014738329,0.000755162
02:49:58:46.848,61,0.033565155,0.040665462,0.013786317,0.038853827,0.039882579,0.030066385,0.014748761,0.00075667,0.033565155,0.040665462,0.013786317,0.038853827,0.039882579,0.014748761,0.00075667
02:49:58:47.850,61,0.033650147,0.040744203,0.013841765,0.038872225,0.043473767,0.030025026,0.014756121,0.000817078,0.033650147,0.040744203,0.013841765,0.038872225,0.043473767,0.014756121,0.000817078
02:49:58:48.851,61,0.033955078,0.0410165,0.01398482,0.038934849,0.047060243,0.030038958,0.014751393,0.000978783,0.033955078,0.0410165,0.01398482,0.038934849,0.047060243,0.014751393,0.000978783
02:49:58:49.853,61,0.033963672,0.041046103,0.013985405,0.038927326,0.046737726,0.030096176,0.014715035,0.000978783,0.033963672,0.041046103,0.013985405,0.038927326,0.046737726,0.014715035,0.000978783
02:49:58:50.854,61,0.037220263,0.041420385,0.014249824,0.039583786,0.055019399,0.029598002,0.014794165,0.001095992,0.037220263,0.041420385,0.014249824,0.039583786,0.055019399,0.014794165,0.001095992
02:49:58:51.856,61,0.037275908,0.041498303,0.014270763,0.039629613,0.054986944,0.02965534,0.014797604,0.001095992,0.037275908,0.041498303,0.014270763,0.039629613,0.054986944,0.014797604,0.001095992
02:49:58:52.858,61,0.04177716,0.042003377,0.01471801,0.04190923,0.07759117,0.027037079,0.015050427,0.002502697,0.04177716,0.042003377,0.01471801,0.04190923,0.07759117,0.015050427,0.002502697
02:49:58:53.859,61,0.042302019,0.042278313,0.014974743,0.042196064,0.081124767,0.02681775,0.015089374,0.00280519,0.042302019,0.042278313,0.014974743,0.042196064,0.081124767,0.015089374,0.00280519
02:49:58:54.861,61,0.042742453,0.042154693,0.016512636,0.042808416,0.086716662,0.026819777,0.015348869,0.003093794,0.042742453,0.042154693,0.016512636,0.042808416,0.086716662,0.015348869,0.003093794
02:49:58:55.862,61,0.043152408,0.042947272,0.017500854,0.043302145,0.097897601,0.026213704,0.015771231,0.004197062,0.043152408,0.042947272,0.017500854,0.043302145,0.097897601,0.015771231,0.004197062
02:49:58:56.864,61,0.043107294,0.042911007,0.017473126,0.043242688,0.097670816,0.0262183,0.015731549,0.004197062,0.043107294,0.042911007,0.017473126,0.043242688,0.097670816,0.015731549,0.004197062
02:49:58:57.865,61,0.043074811,0.042884211,0.01745454,0.043199816,0.098104592,0.026225264,0.015708526,0.004197062,0.043074811,0.042884211,0.01745454,0.043199816,0.098104592,0.015708526,0.004197062
02:49:58:58.867,61,0.043499841,0.04299671,0.018315484,0.043744295,0.103428192,0.026378284,0.016009299,0.004473598,0.043499841,0.04299671,0.018315484,0.043744295,0.103428192,0.016009299,0.004473598
02:49:58:59.869,61,0.043821321,0.043285901,0.0196042,0.044322714,0.113727912,0.02593423,0.016350427,0.006283198,0.043821321,0.043285901,0.0196042,0.044322714,0.113727912,0.016350427,0.006283198
02:49:59:00.870,61,0.044891482,0.043700455,0.021806248,0.045586492,0.13175148,0.024688054,0.016891435,0.008739208,0.044891482,0.043700455,0.021806248,0.045586492,0.13175148,0.016891435,0.008739208
02:49:59:01.872,61,0.050161045,0.04819839,0.024088907,0.052222587,0.141789873,0.026281058,0.019308882,0.00908157,0.050161045,0.04819839,0.024088907,0.052222587,0.141789873,0.019308882,0.00908157
02:49:59:02.873,61,0.051466169,0.048836628,0.025674791,0.053127149,0.149348551,0.026593995,0.019961956,0.009457314,0.051466169,0.048836628,0.025674791,0.053127149,0.149348551,0.019961956,0.009457314
02:49:59:03.875,61,0.05187942,0.048776397,0.026411249,0.052735872,0.15205226,0.026333313,0.020206012,0.010262338,0.05187942,0.048776397,0.026411249,0.052735872,0.15205226,0.020206012,0.010262338
02:49:59:04.876,61,0.052593735,0.049663896,0.027911747,0.053243694,0.15937235,0.026417216,0.020392056,0.012139643,0.052593735,0.049663896,0.027911747,0.053243694,0.15937235,0.020392056,0.012139643
02:49:59:05.878,61,0.052610684,0.049709482,0.028355214,0.053109627,0.164530603,0.026429235,0.020397477,0.013640479,0.052610684,0.049709482,0.028355214,0.053109627,0.164530603,0.020397477,0.013640479
02:49:59:06.880,61,0.055023857,0.050622797,0.038445899,0.060656279,0.192305074,0.030153894,0.021887047,0.023548038,0.055023857,0.050622797,0.038445899,0.060656279,0.192305074,0.021887047,0.023548038
02:49:59:07.881,61,0.055049356,0.050539205,0.038614787,0.060446516,0.192558752,0.03012752,0.021914467,0.023799343,0.055049356,0.050539205,0.038614787,0.060446516,0.192558752,0.021914467,0.023799343
02:49:59:08.883,61,0.055719206,0.050775534,0.040631095,0.061041884,0.1972631,0.03090438,0.022233614,0.025043109,0.055719206,0.050775534,0.040631095,0.061041884,0.1972631,0.022233614,0.025043109
02:49:59:09.885,61,0.055719206,0.050775534,0.040631095,0.061041884,0.1972631,0.03090438,0.022233614,0.025043109,0.055719206,0.050775534,0.040631095,0.061041884,0.1972631,0.022233614,0.025043109
02:49:59:10.886,61,0.055958749,0.051238974,0.040934558,0.06132021,0.197555158,0.03102418,0.022437065,0.025811802,0.055958749,0.051238974,0.040934558,0.06132021,0.197555158,0.022437065,0.025811802
02:49:59:11.888,61,0.056248823,0.051606947,0.0409415,0.061351811,0.197465784,0.030937785,0.022517837,0.026129877,0.056248823,0.051606947,0.0409415,0.061351811,0.197465784,0.022517837,0.026129877
02:49:59:12.889,61,0.056683795,0.052112282,0.04114133,0.061700884,0.197828667,0.031056578,0.022825184,0.026698152,0.056683795,0.052112282,0.04114133,0.061700884,0.197828667,0.022825184,0.026698152
02:49:59:13.891,61,0.063731272,0.058732814,0.044678387,0.067960771,0.226782372,0.033064684,0.02783916,0.030010624,0.063731272,0.058732814,0.044678387,0.067960771,0.226782372,0.02783916,0.030010624
02:49:59:14.893,61,0.06403376,0.059795668,0.04485621,0.068054186,0.229654151,0.03309093,0.028119497,0.030407802,0.06403376,0.059795668,0.04485621,0.068054186,0.229654151,0.028119497,0.030407802
02:49:59:15.894,61,0.077999892,0.060431745,0.04199021,0.076589483,0.255063824,0.045364716,0.044869338,0.037987584,0.077999892,0.060431745,0.04199021,0.076589483,0.255063824,0.044869338,0.037987584
02:49:59:16.896,61,0.081874947,0.060736953,0.041837157,0.080512609,0.262304852,0.047328203,0.050677962,0.040410632,0.081874947,0.060736953,0.041837157,0.080512609,0.262304852,0.050677962,0.040410632
02:49:59:17.897,61,0.087635114,0.060590415,0.041873028,0.082376623,0.271088484,0.048372585,0.053445513,0.042063123,0.087635114,0.060590415,0.041873028,0.082376623,0.271088484,0.053445513,0.042063123
02:49:59:18.899,61,0.090473058,0.059560774,0.041727004,0.083772075,0.27680437,0.04905161,0.055549395,0.043274883,0.090473058,0.059560774,0.041727004,0.083772075,0.27680437,0.055549395,0.043274883
02:49:59:19.900,61,0.09388637,0.05970703,0.041629768,0.085092412,0.28077427,0.049623942,0.05693822,0.044729366,0.09388637,0.05970703,0.041629768,0.085092412,0.28077427,0.05693822,0.044729366
02:49:59:20.902,61,0.097688486,0.05992307,0.041884962,0.08824887,0.290309494,0.050158496,0.06008928,0.047457784,0.097688486,0.05992307,0.041884962,0.08824887,0.290309494,0.06008928,0.047457784
02:49:59:21.904,61,0.104584094,0.060298176,0.04251995,0.092332482,0.299796686,0.050672329,0.065206281,0.048340838,0.104584094,0.060298176,0.04251995,0.092332482,0.299796686,0.065206281,0.048340838
02:49:59:22.905,61,0.105506236,0.059972026,0.042442271,0.09310707,0.299367237,0.050889447,0.065592827,0.048297325,0.105506236,0.059972026,0.042442271,0.09310707,0.299367237,0.065592827,0.048297325
02:49:59:23.907,61,0.110087331,0.059935324,0.042920791,0.095491586,0.305223389,0.051442528,0.068571736,0.048595045,0.110087331,0.059935324,0.042920791,0.095491586,0.305223389,0.068571736,0.048595045
02:49:59:24.908,61,0.110052587,0.059917292,0.042845952,0.095394974,0.305073775,0.051450793,0.068496548,0.048687637,0.110052587,0.059917292,0.042845952,0.095394974,0.305073775,0.068496548,0.048687637
02:49:59:25.910,61,0.112290677,0.05981697,0.042822768,0.095966006,0.308179375,0.051466734,0.069365048,0.04895071,0.112290677,0.05981697,0.042822768,0.095966006,0.308179375,0.069365048,0.04895071
02:49:59:26.911,61,0.112154628,0.05996732,0.0427819,0.095740286,0.307326683,0.051502289,0.06929097,0.049097818,0.112154628,0.05996732,0.0427819,0.095740286,0.307326683,0.06929097,0.049097818
02:49:59:27.913,61,0.114459745,0.059895104,0.042753737,0.096143496,0.308164106,0.051411477,0.069717943,0.049768856,0.114459745,0.059895104,0.042753737,0.096143496,0.308164106,0.069717943,0.049768856
02:49:59:28.915,61,0.114937881,0.060182278,0.042911297,0.096457361,0.309698946,0.051613417,0.069855514,0.049767436,0.114937881,0.060182278,0.042911297,0.096457361,0.309698946,0.069855514,0.049767436
02:49:59:29.916,61,0.114901649,0.060141801,0.042873615,0.096448742,0.30964779,0.051668857,0.069922169,0.049708992,0.114901649,0.060141801,0.042873615,0.096448742,0.30964779,0.069922169,0.049708992
02:49:59:30.918,61,0.118534012,0.06095108,0.043972832,0.098917999,0.32271489,0.052118884,0.070587843,0.049714174,0.118534012,0.06095108,0.043972832,0.098917999,0.32271489,0.070587843,0.049714174
02:49:59:31.919,61,0.122052869,0.061521995,0.044234493,0.10020693,0.32788185,0.051777028,0.071244993,0.050897572,0.122052869,0.061521995,0.044234493,0.10020693,0.32788185,0.071244993,0.050897572
02:49:59:32.921,61,0.123486759,0.061648895,0.044193226,0.100987968,0.330155328,0.051667697,0.071285707,0.050856888,0.123486759,0.061648895,0.044193226,0.100987968,0.330155328,0.071285707,0.050856888
02:49:59:33.923,61,0.124656626,0.061998965,0.044734757,0.102065409,0.332014889,0.051786862,0.071746072,0.051117202,0.124656626,0.061998965,0.044734757,0.102065409,0.332014889,0.071746072,0.051117202
02:49:59:34.924,61,0.129044861,0.062572377,0.045082906,0.104960597,0.336004846,0.052015339,0.072974791,0.05124003,0.129044861,0.062572377,0.045082906,0.104960597,0.336004846,0.072974791,0.05124003
02:49:59:35.926,61,0.130810415,0.068401681,0.045344744,0.108764768,0.335663545,0.052516047,0.07470836,0.051709323,0.130810415,0.068401681,0.045344744,0.108764768,0.335663545,0.07470836,0.051709323
02:49:59:36.927,61,0.13259374,0.069990061,0.045555956,0.111065881,0.336057041,0.052385732,0.076126419,0.053407594,0.13259374,0.069990061,0.045555956,0.111065881,0.336057041,0.076126419,0.053407594
02:49:59:37.929,61,0.13371193,0.071098632,0.045809386,0.111406978,0.336164707,0.052476526,0.076744611,0.056498189,0.13371193,0.071098632,0.045809386,0.111406978,0.336164707,0.076744611,0.056498189
02:49:59:38.931,61,0.136889866,0.072065078,0.04638204,0.112165188,0.337589777,0.052433116,0.078653323,0.058828297,0.136889866,0.072065078,0.04638204,0.112165188,0.337589777,0.078653323,0.058828297
02:49:59:39.933,61,0.138327065,0.078073474,0.046553859,0.112365428,0.337326778,0.052478058,0.079690989,0.060481157,0.138327065,0.078073474,0.046553859,0.112365428,0.337326778,0.079690989,0.060481157
02:49:59:40.934,61,0.138673135,0.078529989,0.046829706,0.112628112,0.338749167,0.052624674,0.079864994,0.061285388,0.138673135,0.078529989,0.046829706,0.112628112,0.338749167,0.079864994,0.061285388
02:49:59:41.936,61,0.139645133,0.08067274,0.047120844,0.112780174,0.339952198,0.052717912,0.081018394,0.062292724,0.139645133,0.08067274,0.047120844,0.112780174,0.339952198,0.081018394,0.062292724
02:49:59:42.937,61,0.139597702,0.080707433,0.047064279,0.112697381,0.339642413,0.052680893,0.081025077,0.062638697,0.139597702,0.080707433,0.047064279,0.112697381,0.339642413,0.081025077,0.062638697
02:49:59:43.939,61,0.140367629,0.081397015,0.047496581,0.113052158,0.343269234,0.052840167,0.08135724,0.064034074,0.140367629,0.081397015,0.047496581,0.113052158,0.343269234,0.08135724,0.064034074
02:49:59:44.940,61,0.140718667,0.081708502,0.047608778,0.113289349,0.344188586,0.052862906,0.081634999,0.064855158,0.140718667,0.081708502,0.047608778,0.113289349,0.344188586,0.081634999,0.064855158
02:49:59:45.942,61,0.14088564,0.081828365,0.047738134,0.113486978,0.344474788,0.052722218,0.082381937,0.064981283,0.14088564,0.081828365,0.047738134,0.113486978,0.344474788,0.082381937,0.064981283
02:49:59:46.944,61,0.142122079,0.082359819,0.048446754,0.11499669,0.359738542,0.052627581,0.084206068,0.06661015,0.142122079,0.082359819,0.048446754,0.11499669,0.359738542,0.084206068,0.06661015
02:49:59:47.945,61,0.140934991,0.076745919,0.048930986,0.113156005,0.358427315,0.052702662,0.085287883,0.067426668,0.140934991,0.076745919,0.048930986,0.113156005,0.358427315,0.085287883,0.067426668
02:49:59:48.947,61,0.141637819,0.075431343,0.049363642,0.114658746,0.366630943,0.052655879,0.086076214,0.067703434,0.141637819,0.075431343,0.049363642,0.114658746,0.366630943,0.086076214,0.067703434
02:49:59:49.948,61,0.143792848,0.074327964,0.049830304,0.117069654,0.372751515,0.052532699,0.087087821,0.067532752,0.143792848,0.074327964,0.049830304,0.117069654,0.372751515,0.087087821,0.067532752
02:49:59:50.950,61,0.146573252,0.074815527,0.050228194,0.119674815,0.375309132,0.052249178,0.089259625,0.068472792,0.146573252,0.074815527,0.050228194,0.119674815,0.375309132,0.089259625,0.068472792
02:49:59:51.951,61,0.144587437,0.074008318,0.050601051,0.120222989,0.378007183,0.052275987,0.090470414,0.068989649,0.144587437,0.074008318,0.050601051,0.120222989,0.378007183,0.090470414,0.068989649
02:49:59:52.953,61,0.144750213,0.073225476,0.050685393,0.120272764,0.378889975,0.052193493,0.090476153,0.068955847,0.144750213,0.073225476,0.050685393,0.120272764,0.378889975,0.090476153,0.068955847
02:49:59:53.955,61,0.144937355,0.0716993,0.052160259,0.120641094,0.38265685,0.051990485,0.090131435,0.068683714,0.144937355,0.0716993,0.052160259,0.120641094,0.38265685,0.090131435,0.068683714
02:49:59:54.956,61,0.144880456,0.071282046,0.052658281,0.120780411,0.383683675,0.052040101,0.08993732,0.069140004,0.144880456,0.071282046,0.052658281,0.120780411,0.383683675,0.08993732,0.069140004
02:49:59:55.958,61,0.144983942,0.069972277,0.053242413,0.121480392,0.39069159,0.052152835,0.0898969,0.069321006,0.144983942,0.069972277,0.053242413,0.121480392,0.39069159,0.0898969,0.069321006
02:49:59:56.959,61,0.149828751,0.070657251,0.059015364,0.122782109,0.398724393,0.051987417,0.089710988,0.070390841,0.149828751,0.070657251,0.059015364,0.122782109,0.398724393,0.089710988,0.070390841
02:49:59:57.961,61,0.149277281,0.070901369,0.059892713,0.122903255,0.399727793,0.051899788,0.089949396,0.070931068,0.149277281,0.070901369,0.059892713,0.122903255,0.399727793,0.089949396,0.070931068
02:49:59:58.962,61,0.153537288,0.071142536,0.060270142,0.124432925,0.406808248,0.051992546,0.090270979,0.071625246,0.153537288,0.071142536,0.060270142,0.124432925,0.406808248,0.090270979,0.071625246
02:49:59:59.964,61,0.155211173,0.07244633,0.064915107,0.127120481,0.408304144,0.051832635,0.094538942,0.07158298,0.155211173,0.07244633,0.064915107,0.127120481,0.408304144,0.094538942,0.07158298
02:50:00:00.966,61,0.158500533,0.072831263,0.065212395,0.127441529,0.411086505,0.051941563,0.095452774,0.072728127,0.158500533,0.072831263,0.065212395,0.127441529,0.411086505,0.095452774,0.072728127
02:50:00:01.967,61,0.16235646,0.076556904,0.063035754,0.130263733,0.415347161,0.05208877,0.097938304,0.072091357,0.16235646,0.076556904,0.063035754,0.130263733,0.415347161,0.097938304,0.072091357
02:50:00:02.969,61,0.165566421,0.077366923,0.063785623,0.132202585,0.422474826,0.052368034,0.098183944,0.074258076,0.165566421,0.077366923,0.063785623,0.132202585,0.422474826,0.098183944,0.074258076
02:50:00:03.970,61,0.168799364,0.07834143,0.064553054,0.13374266,0.428931373,0.052728834,0.098370975,0.075529957,0.168799364,0.07834143,0.064553054,0.13374266,0.428931373,0.098370975,0.075529957
02:50:00:04.972,61,0.169295613,0.080233542,0.063601337,0.132978703,0.431374443,0.052767175,0.097945284,0.07719833,0.169295613,0.080233542,0.063601337,0.132978703,0.431374443,0.097945284,0.07719833
02:50:00:05.973,61,0.18389334,0.08546791,0.066037999,0.139455646,0.459011366,0.054600814,0.099742753,0.085038349,0.18389334,0.08546791,0.066037999,0.139455646,0.459011366,0.099742753,0.085038349
02:50:00:06.975,61,0.184347721,0.085472114,0.065563084,0.138799664,0.458462338,0.054624764,0.098353561,0.087150805,0.184347721,0.085472114,0.065563084,0.138799664,0.458462338,0.098353561,0.087150805
02:50:00:07.977,61,0.187650532,0.085364611,0.065567453,0.139261978,0.458576009,0.054608716,0.098219626,0.0877685,0.187650532,0.085364611,0.065567453,0.139261978,0.458576009,0.098219626,0.0877685
02:50:00:08.979,61,0.193981191,0.0871698,0.066416667,0.141630847,0.468497271,0.055299259,0.098958385,0.090154192,0.193981191,0.0871698,0.066416667,0.141630847,0.468497271,0.098958385,0.090154192
02:50:00:09.981,61,0.195303418,0.088136602,0.066674782,0.142312183,0.469845322,0.05541445,0.09921933,0.090645649,0.195303418,0.088136602,0.066674782,0.142312183,0.469845322,0.09921933,0.090645649
02:50:00:10.982,61,0.202479052,0.08890078,0.067488255,0.146216501,0.488545696,0.056072995,0.100044948,0.093756195,0.202479052,0.08890078,0.067488255,0.146216501,0.488545696,0.100044948,0.093756195
02:50:00:11.984,61,0.204657954,0.089312966,0.067868526,0.14821854,0.494094287,0.056314942,0.10106884,0.094906448,0.204657954,0.089312966,0.067868526,0.14821854,0.494094287,0.10106884,0.094906448
02:50:00:12.985,61,0.211054638,0.089916907,0.068233416,0.150324137,0.497781595,0.056580502,0.10170274,0.096387101,0.211054638,0.089916907,0.068233416,0.150324137,0.497781595,0.10170274,0.096387101
02:50:00:13.987,61,0.20837262,0.089626069,0.065825916,0.14785217,0.492658019,0.056748071,0.100288372,0.096856779,0.20837262,0.089626069,0.065825916,0.14785217,0.492658019,0.100288372,0.096856779
02:50:00:14.988,61,0.20835141,0.089685211,0.065225792,0.147797637,0.492491553,0.056775112,0.100439315,0.096931926,0.20835141,0.089685211,0.065225792,0.147797637,0.492491553,0.100439315,0.096931926
02:50:00:15.990,61,0.214806924,0.090266004,0.065739088,0.148622801,0.49854219,0.056895134,0.101142991,0.098245937,0.214806924,0.090266004,0.065739088,0.148622801,0.49854219,0.101142991,0.098245937
02:50:00:16.992,61,0.239144163,0.09803489,0.069570599,0.152059453,0.515256504,0.056838121,0.105664817,0.106063337,0.239144163,0.09803489,0.069570599,0.152059453,0.515256504,0.105664817,0.106063337
02:50:00:17.993,61,0.243180227,0.100018534,0.069459489,0.152880589,0.518197884,0.056788099,0.10666033,0.108591234,0.243180227,0.100018534,0.069459489,0.152880589,0.518197884,0.10666033,0.108591234
02:50:00:18.995,61,0.243108058,0.099894974,0.069342074,0.152805264,0.518135751,0.056789826,0.106684502,0.108502801,0.243108058,0.099894974,0.069342074,0.152805264,0.518135751,0.106684502,0.108502801
02:50:00:19.996,61,0.249638626,0.101813156,0.069052124,0.156081213,0.526969885,0.056666942,0.10939437,0.112447226,0.249638626,0.101813156,0.069052124,0.156081213,0.526969885,0.10939437,0.112447226
02:50:00:20.998,61,0.250545405,0.102067048,0.068957902,0.156374545,0.527766541,0.056770721,0.109590404,0.112930687,0.250545405,0.102067048,0.068957902,0.156374545,0.527766541,0.109590404,0.112930687
02:50:00:21.999,61,0.250654764,0.102105453,0.06899211,0.15625015,0.527826414,0.056813189,0.109473381,0.112950279,0.250654764,0.102105453,0.06899211,0.15625015,0.527826414,0.109473381,0.112950279
02:50:00:23.001,61,0.25414792,0.102715134,0.069041636,0.156855012,0.530801093,0.057256041,0.109731682,0.114059135,0.25414792,0.102715134,0.069041636,0.156855012,0.530801093,0.109731682,0.114059135
02:50:00:24.003,61,0.257184928,0.103438807,0.069228879,0.159029516,0.535784016,0.057221084,0.111549854,0.116162647,0.257184928,0.103438807,0.069228879,0.159029516,0.535784016,0.111549854,0.116162647
02:50:00:25.004,61,0.25886381,0.103452279,0.06902234,0.159668972,0.540862674,0.05726077,0.112176369,0.117143307,0.25886381,0.103452279,0.06902234,0.159668972,0.540862674,0.112176369,0.117143307
02:50:00:26.006,61,0.260985988,0.103357079,0.068720524,0.159851224,0.548638841,0.057502511,0.112717635,0.117219818,0.260985988,0.103357079,0.068720524,0.159851224,0.548638841,0.112717635,0.117219818
02:50:00:27.007,61,0.263427038,0.1032451,0.068440974,0.160202585,0.551596478,0.057911785,0.113095889,0.116722075,0.263427038,0.1032451,0.068440974,0.160202585,0.551596478,0.113095889,0.116722075
02:50:00:28.009,61,0.26971426,0.103648569,0.068489743,0.16217302,0.556232517,0.058002198,0.114649653,0.117874525,0.26971426,0.103648569,0.068489743,0.16217302,0.556232517,0.114649653,0.117874525
02:50:00:29.010,61,0.274300303,0.104386749,0.069070544,0.164409092,0.561641112,0.058037473,0.117115175,0.118605139,0.274300303,0.104386749,0.069070544,0.164409092,0.561641112,0.117115175,0.118605139
02:50:00:30.012,61,0.274415358,0.104474037,0.068996013,0.164417624,0.562581028,0.058085683,0.117254073,0.118582318,0.274415358,0.104474037,0.068996013,0.164417624,0.562581028,0.117254073,0.118582318
02:50:00:31.014,61,0.280849131,0.106827486,0.070005141,0.167709918,0.572013875,0.060032648,0.130482603,0.119991744,0.280849131,0.106827486,0.070005141,0.167709918,0.572013875,0.130482603,0.119991744
02:50:00:32.015,61,0.288610434,0.113492175,0.07074388,0.170835163,0.57843335,0.062544654,0.136659313,0.121512552,0.288610434,0.113492175,0.07074388,0.170835163,0.57843335,0.136659313,0.121512552
02:50:00:33.017,61,0.296290133,0.116703218,0.070897082,0.172733874,0.59215652,0.062242925,0.139624802,0.126879935,0.296290133,0.116703218,0.070897082,0.172733874,0.59215652,0.139624802,0.126879935
02:50:00:34.018,61,0.302254298,0.120330722,0.070987181,0.17333022,0.601950755,0.062150755,0.140802297,0.129533236,0.302254298,0.120330722,0.070987181,0.17333022,0.601950755,0.140802297,0.129533236
02:50:00:35.020,61,0.317635542,0.123791128,0.071192085,0.177543927,0.611637637,0.06170272,0.148313722,0.134951236,0.317635542,0.123791128,0.071192085,0.177543927,0.611637637,0.148313722,0.134951236
02:50:00:36.022,61,0.327023659,0.129367535,0.071371606,0.180564535,0.61970216,0.064997652,0.156904641,0.1394903,0.327023659,0.129367535,0.071371606,0.180564535,0.61970216,0.156904641,0.1394903
02:50:00:37.023,61,0.334073005,0.133416563,0.071736362,0.183897222,0.625160759,0.065591328,0.162497677,0.145655835,0.334073005,0.133416563,0.071736362,0.183897222,0.625160759,0.162497677,0.145655835
02:50:00:38.025,61,0.341067031,0.136789043,0.071776183,0.185671937,0.638094554,0.069446174,0.168466641,0.150789292,0.341067031,0.136789043,0.071776183,0.185671937,0.638094554,0.168466641,0.150789292
02:50:00:39.028,61,0.341318063,0.137191746,0.071791047,0.18649626,0.643183351,0.070742836,0.173077853,0.151316722,0.341318063,0.137191746,0.071791047,0.18649626,0.643183351,0.173077853,0.151316722
02:50:00:40.029,61,0.341507557,0.137393483,0.071867182,0.187259215,0.645845309,0.07131664,0.176958003,0.151552268,0.341507557,0.137393483,0.071867182,0.187259215,0.645845309,0.176958003,0.151552268
02:50:00:41.031,61,0.34340841,0.140218681,0.072207047,0.188705703,0.661201954,0.071573671,0.181888031,0.154538997,0.34340841,0.140218681,0.072207047,0.188705703,0.661201954,0.181888031,0.154538997
02:50:00:42.033,61,0.345833324,0.142460526,0.072413664,0.189313738,0.670243373,0.071491666,0.184344478,0.155666364,0.345833324,0.142460526,0.072413664,0.189313738,0.670243373,0.184344478,0.155666364
02:50:00:43.034,61,0.347964816,0.145862147,0.072563111,0.190717172,0.672308087,0.071407146,0.186456891,0.158267898,0.347964816,0.145862147,0.072563111,0.190717172,0.672308087,0.186456891,0.158267898
02:50:00:44.036,61,0.358996667,0.16089542,0.073057188,0.194065779,0.677904045,0.071224925,0.188248905,0.165978262,0.358996667,0.16089542,0.073057188,0.194065779,0.677904045,0.188248905,0.165978262
02:50:00:45.037,61,0.366293574,0.171212487,0.073671194,0.196431526,0.683460593,0.071111315,0.189922803,0.173879597,0.366293574,0.171212487,0.073671194,0.196431526,0.683460593,0.189922803,0.173879597
02:50:00:46.039,61,0.373246921,0.178429596,0.074234823,0.199417232,0.68902646,0.071052718,0.191374251,0.178391949,0.373246921,0.178429596,0.074234823,0.199417232,0.68902646,0.191374251,0.178391949
02:50:00:47.040,61,0.383879751,0.190573746,0.074923785,0.203467016,0.692551389,0.070939205,0.194947851,0.186322543,0.383879751,0.190573746,0.074923785,0.203467016,0.692551389,0.194947851,0.186322543
02:50:00:48.042,61,0.388212308,0.200035278,0.075276326,0.206202681,0.695436696,0.070802507,0.197683478,0.190406037,0.388212308,0.200035278,0.075276326,0.206202681,0.695436696,0.197683478,0.190406037
02:50:00:49.044,61,0.388312168,0.200315588,0.07538495,0.206697858,0.697357953,0.070563029,0.198153919,0.190609398,0.388312168,0.200315588,0.07538495,0.206697858,0.697357953,0.198153919,0.190609398
02:50:00:50.045,61,0.391433296,0.202458877,0.075418315,0.208290633,0.698705375,0.070358798,0.199743055,0.193232231,0.391433296,0.202458877,0.075418315,0.208290633,0.698705375,0.199743055,0.193232231
02:50:00:51.047,61,0.395196411,0.20418565,0.075037779,0.210443554,0.700730021,0.0702157,0.202508838,0.19868529,0.395196411,0.20418565,0.075037779,0.210443554,0.700730021,0.202508838,0.19868529
02:50:00:52.048,61,0.397625233,0.208903869,0.075564705,0.212382267,0.701872577,0.069898416,0.208024553,0.203994444,0.397625233,0.208903869,0.075564705,0.212382267,0.701872577,0.208024553,0.203994444
02:50:00:53.050,61,0.398427308,0.209019057,0.075324809,0.212606965,0.702050706,0.069818618,0.208493149,0.204891543,0.398427308,0.209019057,0.075324809,0.212606965,0.702050706,0.208493149,0.204891543
02:50:00:54.051,61,0.398737326,0.209602125,0.075360908,0.213109239,0.703977495,0.069425394,0.209384659,0.205811805,0.398737326,0.209602125,0.075360908,0.213109239,0.703977495,0.209384659,0.205811805
02:50:00:55.053,61,0.400406522,0.212318641,0.07519783,0.213680918,0.707508122,0.069445842,0.213778866,0.208884207,0.400406522,0.212318641,0.07519783,0.213680918,0.707508122,0.213778866,0.208884207
02:50:00:56.055,61,0.399239865,0.215208876,0.075506292,0.214402743,0.711689666,0.068261088,0.21497448,0.211445959,0.399239865,0.215208876,0.075506292,0.214402743,0.711689666,0.21497448,0.211445959
02:50:00:57.056,61,0.398561729,0.215200757,0.075592844,0.214165896,0.711875483,0.067902101,0.214686145,0.211794936,0.398561729,0.215200757,0.075592844,0.214165896,0.711875483,0.214686145,0.211794936
02:50:00:58.058,61,0.399060614,0.21532049,0.075679309,0.214268185,0.7137575,0.067049849,0.215521735,0.213272126,0.399060614,0.21532049,0.075679309,0.214268185,0.7137575,0.215521735,0.213272126
02:50:00:59.059,61,0.401522105,0.214866271,0.075371888,0.215458627,0.714597076,0.067068216,0.216042765,0.214319481,0.401522105,0.214866271,0.075371888,0.215458627,0.714597076,0.216042765,0.214319481
02:50:01:00.061,61,0.403907451,0.215951872,0.07585372,0.216530799,0.716847117,0.067223862,0.219997181,0.215336063,0.403907451,0.215951872,0.07585372,0.216530799,0.716847117,0.219997181,0.215336063
02:50:01:01.062,61,0.406365549,0.215910883,0.075734916,0.217188295,0.722815851,0.066978614,0.223074614,0.217593884,0.406365549,0.215910883,0.075734916,0.217188295,0.722815851,0.223074614,0.217593884
02:50:01:02.064,61,0.407661555,0.219379735,0.076077944,0.217823606,0.725523949,0.066300177,0.223966493,0.220814235,0.407661555,0.219379735,0.076077944,0.217823606,0.725523949,0.223966493,0.220814235
02:50:01:03.066,61,0.408090624,0.220881708,0.076161752,0.217973407,0.725559254,0.066367456,0.224428618,0.221506139,0.408090624,0.220881708,0.076161752,0.217973407,0.725559254,0.224428618,0.221506139
02:50:01:04.067,61,0.412166052,0.218965833,0.07646846,0.221405299,0.731393546,0.066241614,0.229689656,0.224647125,0.412166052,0.218965833,0.07646846,0.221405299,0.731393546,0.229689656,0.224647125
02:50:01:05.069,61,0.418911745,0.222170814,0.078011366,0.226257204,0.747019162,0.066487339,0.238932061,0.230693492,0.418911745,0.222170814,0.078011366,0.226257204,0.747019162,0.238932061,0.230693492
02:50:01:06.070,61,0.441120873,0.219850037,0.080418278,0.24525023,0.765682588,0.061870078,0.257937189,0.235441445,0.441120873,0.219850037,0.080418278,0.24525023,0.765682588,0.257937189,0.235441445
02:50:01:07.072,61,0.449181785,0.222960257,0.081383306,0.240513518,0.771989008,0.062543785,0.252923243,0.241697477,0.449181785,0.222960257,0.081383306,0.240513518,0.771989008,0.252923243,0.241697477
02:50:01:08.074,61,0.457872838,0.22491057,0.08269183,0.24274612,0.774613053,0.062454698,0.253116209,0.247362452,0.457872838,0.22491057,0.08269183,0.24274612,0.774613053,0.253116209,0.247362452
02:50:01:09.075,61,0.458619927,0.224706796,0.082819861,0.242768834,0.774151752,0.063345303,0.25596544,0.249524737,0.458619927,0.224706796,0.082819861,0.242768834,0.774151752,0.25596544,0.249524737
02:50:01:10.077,61,0.460737785,0.225573664,0.083266503,0.244462371,0.774232,0.063218849,0.257049127,0.255206642,0.460737785,0.225573664,0.083266503,0.244462371,0.774232,0.257049127,0.255206642
02:50:01:11.079,61,0.460119685,0.226595572,0.083456008,0.243969306,0.775512387,0.063666581,0.251754952,0.258820841,0.460119685,0.226595572,0.083456008,0.243969306,0.775512387,0.251754952,0.258820841
02:50:01:12.080,61,0.462817145,0.229316146,0.08417135,0.245843393,0.779651046,0.06464228,0.257731669,0.264828333,0.462817145,0.229316146,0.08417135,0.245843393,0.779651046,0.257731669,0.264828333
02:50:01:13.082,61,0.464344648,0.233662415,0.084337677,0.245993023,0.781559517,0.065480576,0.260443126,0.267219969,0.464344648,0.233662415,0.084337677,0.245993023,0.781559517,0.260443126,0.267219969
02:50:01:14.083,61,0.466244864,0.240506719,0.084691662,0.246917352,0.781823089,0.065436306,0.261641825,0.271574801,0.466244864,0.240506719,0.084691662,0.246917352,0.781823089,0.261641825,0.271574801
02:50:01:15.085,61,0.467884767,0.24043984,0.084775471,0.246954434,0.782924384,0.066093205,0.263465409,0.272988296,0.467884767,0.24043984,0.084775471,0.246954434,0.782924384,0.263465409,0.272988296
02:50:01:16.086,61,0.468200361,0.241105364,0.085009897,0.246203351,0.78489242,0.069395956,0.276771476,0.274614252,0.468200361,0.241105364,0.085009897,0.246203351,0.78489242,0.276771476,0.274614252
02:50:01:17.088,61,0.469428333,0.246770335,0.086307002,0.241211938,0.797535052,0.076132428,0.288714374,0.279371839,0.469428333,0.246770335,0.086307002,0.241211938,0.797535052,0.288714374,0.279371839
02:50:01:18.090,61,0.476031907,0.248230093,0.087338128,0.242861787,0.80528454,0.080495574,0.301910569,0.283562855,0.476031907,0.248230093,0.087338128,0.242861787,0.80528454,0.301910569,0.283562855
02:50:01:19.091,61,0.480059373,0.248523085,0.087525908,0.243944518,0.809294611,0.080676921,0.306799663,0.284638138,0.480059373,0.248523085,0.087525908,0.243944518,0.809294611,0.306799663,0.284638138
02:50:01:20.093,61,0.485322083,0.248660928,0.088092638,0.246332539,0.816409439,0.081013237,0.314680383,0.287457743,0.485322083,0.248660928,0.088092638,0.246332539,0.816409439,0.314680383,0.287457743
02:50:01:21.094,61,0.485329196,0.250177648,0.088281964,0.246661829,0.815824697,0.081406687,0.315073522,0.288476704,0.485329196,0.250177648,0.088281964,0.246661829,0.815824697,0.315073522,0.288476704
02:50:01:22.096,61,0.486738361,0.253114606,0.088440485,0.247154037,0.816562812,0.081498096,0.317289641,0.291114201,0.486738361,0.253114606,0.088440485,0.247154037,0.816562812,0.317289641,0.291114201
02:50:01:23.098,61,0.487166621,0.253066603,0.088501384,0.247272787,0.81749029,0.081322852,0.317868384,0.291970486,0.487166621,0.253066603,0.088501384,0.247272787,0.81749029,0.317868384,0.291970486
02:50:01:24.099,61,0.488274356,0.260290653,0.090067668,0.247715404,0.818545878,0.083461841,0.320570067,0.29592544,0.488274356,0.260290653,0.090067668,0.247715404,0.818545878,0.320570067,0.29592544
02:50:01:25.101,61,0.488481104,0.261403102,0.090937973,0.247745961,0.820237935,0.08484969,0.321792359,0.296040591,0.488481104,0.261403102,0.090937973,0.247745961,0.820237935,0.321792359,0.296040591
02:50:01:26.102,61,0.490373567,0.261851052,0.091048143,0.248807547,0.820847114,0.084923181,0.322353532,0.296937956,0.490373567,0.261851052,0.091048143,0.248807547,0.820847114,0.322353532,0.296937956
02:50:01:27.104,61,0.492701446,0.261774095,0.09134598,0.249444271,0.822887401,0.085692152,0.325451314,0.298971711,0.492701446,0.261774095,0.09134598,0.249444271,0.822887401,0.325451314,0.298971711
02:50:01:28.105,61,0.493474764,0.260325643,0.091414614,0.250047823,0.823010902,0.085652268,0.3242259,0.298906676,0.493474764,0.260325643,0.091414614,0.250047823,0.823010902,0.3242259,0.298906676
02:50:01:29.107,61,0.496247125,0.261191954,0.092723701,0.25049188,0.826816777,0.088287568,0.328113337,0.300332271,0.496247125,0.261191954,0.092723701,0.25049188,0.826816777,0.328113337,0.300332271
02:50:01:30.109,61,0.49774985,0.260949608,0.092728026,0.250907908,0.827963859,0.088176707,0.327083406,0.299520132,0.49774985,0.260949608,0.092728026,0.250907908,0.827963859,0.327083406,0.299520132
02:50:01:31.110,61,0.498367826,0.260653332,0.092771807,0.252312385,0.828171035,0.088161175,0.327341899,0.298985456,0.498367826,0.260653332,0.092771807,0.252312385,0.828171035,0.327341899,0.298985456
02:50:01:32.112,61,0.499346683,0.260668285,0.092796071,0.252443629,0.829185337,0.088254274,0.327935872,0.299200475,0.499346683,0.260668285,0.092796071,0.252443629,0.829185337,0.327935872,0.299200475
02:50:01:33.113,61,0.50004375,0.262159176,0.093648825,0.252163547,0.831303388,0.089039147,0.329853915,0.299501136,0.50004375,0.262159176,0.093648825,0.252163547,0.831303388,0.329853915,0.299501136
02:50:01:34.115,61,0.500862877,0.265955066,0.094429623,0.254049848,0.832644582,0.090457325,0.336008735,0.299073135,0.500862877,0.265955066,0.094429623,0.254049848,0.832644582,0.336008735,0.299073135
02:50:01:35.116,61,0.501237693,0.268689727,0.095053172,0.252447563,0.833706647,0.091667137,0.33735322,0.299564882,0.501237693,0.268689727,0.095053172,0.252447563,0.833706647,0.33735322,0.299564882
02:50:01:36.118,61,0.502017207,0.26890348,0.095251601,0.250087003,0.835248192,0.09167399,0.336693026,0.301567335,0.502017207,0.26890348,0.095251601,0.250087003,0.835248192,0.336693026,0.301567335
02:50:01:37.120,61,0.502290415,0.269936255,0.095551678,0.250292073,0.835501452,0.092397228,0.337782366,0.301999767,0.502290415,0.269936255,0.095551678,0.250292073,0.835501452,0.337782366,0.301999767
02:50:01:38.121,61,0.504722295,0.275962994,0.096327311,0.249890052,0.836193015,0.095364143,0.338504026,0.304647142,0.504722295,0.275962994,0.096327311,0.249890052,0.836193015,0.338504026,0.304647142
02:50:01:39.123,61,0.505994802,0.277496458,0.096674684,0.24988396,0.836377611,0.097011257,0.339560988,0.305673713,0.505994802,0.277496458,0.096674684,0.24988396,0.836377611,0.339560988,0.305673713
02:50:01:40.125,61,0.510394091,0.280266821,0.097217843,0.250145927,0.835599949,0.097634088,0.341079019,0.309430447,0.510394091,0.280266821,0.097217843,0.250145927,0.835599949,0.341079019,0.309430447
02:50:01:41.126,61,0.510594452,0.281166232,0.097535973,0.250184573,0.835636,0.098435708,0.341246523,0.310037262,0.510594452,0.281166232,0.097535973,0.250184573,0.835636,0.341246523,0.310037262
02:50:01:42.128,61,0.510583291,0.285473218,0.097723607,0.24861981,0.835438927,0.099692911,0.341189109,0.312529081,0.510583291,0.285473218,0.097723607,0.24861981,0.835438927,0.341189109,0.312529081
02:50:01:43.129,61,0.510380914,0.290132999,0.098879378,0.250004458,0.835467269,0.102403402,0.345105958,0.315127884,0.510380914,0.290132999,0.098879378,0.250004458,0.835467269,0.345105958,0.315127884
02:50:01:44.131,61,0.503063987,0.257280394,0.100818648,0.262439226,0.832316697,0.096398252,0.356775232,0.31896883,0.503063987,0.257280394,0.100818648,0.262439226,0.832316697,0.356775232,0.31896883
02:50:01:45.132,61,0.508049284,0.257972602,0.101119512,0.26263384,0.834347616,0.096411139,0.359739614,0.320895475,0.508049284,0.257972602,0.101119512,0.26263384,0.834347616,0.359739614,0.320895475
02:50:01:46.134,61,0.508614644,0.258640194,0.101106403,0.262056274,0.835257788,0.096389115,0.359172431,0.321852808,0.508614644,0.258640194,0.101106403,0.262056274,0.835257788,0.359172431,0.321852808
02:50:01:47.136,61,0.510402069,0.259119717,0.1013167,0.263746733,0.836054236,0.096441732,0.361802181,0.32332461,0.510402069,0.259119717,0.1013167,0.263746733,0.836054236,0.361802181,0.32332461
02:50:01:48.137,61,0.515497491,0.25092613,0.102159367,0.266328414,0.836678008,0.095360018,0.364138683,0.327439457,0.515497491,0.25092613,0.102159367,0.266328414,0.836678008,0.364138683,0.327439457
02:50:01:49.139,61,0.530826653,0.250813846,0.104927454,0.273032472,0.842302541,0.094442797,0.373290705,0.342463426,0.530826653,0.250813846,0.104927454,0.273032472,0.842302541,0.373290705,0.342463426
02:50:01:50.140,61,0.545997714,0.258649984,0.107462368,0.27548671,0.845837722,0.09431442,0.378514066,0.353463837,0.545997714,0.258649984,0.107462368,0.27548671,0.845837722,0.378514066,0.353463837
02:50:01:51.142,61,0.55217499,0.262815988,0.108059232,0.277150412,0.847200721,0.093747499,0.384232084,0.367829883,0.55217499,0.262815988,0.108059232,0.277150412,0.847200721,0.384232084,0.367829883
02:50:01:52.143,61,0.553074017,0.262265758,0.108174863,0.27727131,0.850029002,0.093524046,0.38507359,0.368276585,0.553074017,0.262265758,0.108174863,0.27727131,0.850029002,0.38507359,0.368276585
02:50:01:53.145,61,0.55603383,0.268318324,0.108400273,0.280292963,0.850566844,0.093458877,0.387459489,0.374888459,0.55603383,0.268318324,0.108400273,0.280292963,0.850566844,0.387459489,0.374888459
02:50:01:54.147,61,0.565004036,0.275108254,0.109698391,0.280757216,0.851609558,0.094915895,0.389439292,0.386357114,0.565004036,0.275108254,0.109698391,0.280757216,0.851609558,0.389439292,0.386357114
02:50:01:55.148,61,0.565063695,0.274667508,0.109982224,0.282145247,0.851756583,0.09522039,0.391163369,0.387546207,0.565063695,0.274667508,0.109982224,0.282145247,0.851756583,0.391163369,0.387546207
02:50:01:56.150,61,0.567410072,0.274768124,0.110640713,0.282921776,0.852468073,0.095303134,0.392016232,0.388748268,0.567410072,0.274768124,0.110640713,0.282921776,0.852468073,0.392016232,0.388748268
02:50:01:57.151,61,0.565093612,0.275688087,0.111204905,0.285121746,0.852226734,0.095413375,0.391237331,0.389356484,0.565093612,0.275688087,0.111204905,0.285121746,0.852226734,0.391237331,0.389356484
02:50:01:58.153,61,0.566893871,0.278955693,0.111716813,0.287725548,0.851764808,0.095362913,0.390896601,0.392784774,0.566893871,0.278955693,0.111716813,0.287725548,0.851764808,0.390896601,0.392784774
02:50:01:59.154,61,0.5674043,0.280308875,0.112355594,0.289258681,0.850257625,0.094034107,0.391475372,0.394372697,0.5674043,0.280308875,0.112355594,0.289258681,0.850257625,0.391475372,0.394372697
02:50:02:00.156,61,0.566172491,0.27972441,0.112498511,0.290365455,0.849074125,0.093543104,0.389848217,0.394464308,0.566172491,0.27972441,0.112498511,0.290365455,0.849074125,0.389848217,0.394464308
02:50:02:01.158,61,0.565997139,0.280823372,0.112559538,0.290596763,0.849003285,0.093660939,0.389978531,0.394398092,0.565997139,0.280823372,0.112559538,0.290596763,0.849003285,0.389978531,0.394398092
02:50:02:02.159,61,0.565665891,0.28077509,0.112780463,0.291931142,0.848334531,0.092924134,0.390167805,0.395211086,0.565665891,0.28077509,0.112780463,0.291931142,0.848334531,0.390167805,0.395211086
02:50:02:03.161,61,0.562269375,0.279804304,0.112902536,0.292732902,0.847821752,0.092298732,0.391073257,0.395227497,0.562269375,0.279804304,0.112902536,0.292732902,0.847821752,0.391073257,0.395227497
02:50:02:04.162,61,0.563297297,0.279774605,0.113446107,0.293299705,0.848753234,0.092252809,0.3926056,0.396251794,0.563297297,0.279774605,0.113446107,0.293299705,0.848753234,0.3926056,0.396251794
02:50:02:05.164,61,0.565622941,0.280561748,0.113576279,0.293117141,0.849727988,0.092259942,0.395882542,0.397597914,0.565622941,0.280561748,0.113576279,0.293117141,0.849727988,0.395882542,0.397597914
02:50:02:06.166,61,0.562609519,0.281649316,0.115462708,0.301173754,0.850382378,0.092161024,0.401090195,0.399182007,0.562609519,0.281649316,0.115462708,0.301173754,0.850382378,0.401090195,0.399182007
02:50:02:07.167,61,0.56384856,0.281986256,0.116267836,0.307352545,0.850794832,0.092394362,0.403963968,0.399625535,0.56384856,0.281986256,0.116267836,0.307352545,0.850794832,0.403963968,0.399625535
02:50:02:08.169,61,0.56246837,0.281184139,0.116364181,0.307349212,0.851137857,0.092394737,0.404009496,0.399233172,0.56246837,0.281184139,0.116364181,0.307349212,0.851137857,0.404009496,0.399233172
02:50:02:09.170,61,0.563692972,0.281298965,0.116463779,0.30754072,0.851406942,0.092356437,0.403993132,0.399984911,0.563692972,0.281298965,0.116463779,0.30754072,0.851406942,0.403993132,0.399984911
02:50:02:10.172,61,0.563639671,0.291614503,0.118603685,0.31525371,0.852081249,0.094173673,0.407330294,0.407700953,0.563639671,0.291614503,0.118603685,0.31525371,0.852081249,0.407330294,0.407700953
02:50:02:11.174,61,0.563560704,0.294921674,0.119384898,0.320195022,0.852055301,0.094320915,0.408214817,0.412397315,0.563560704,0.294921674,0.119384898,0.320195022,0.852055301,0.408214817,0.412397315
02:50:02:12.175,61,0.564661841,0.294468348,0.119381048,0.320494297,0.852143248,0.09426869,0.409033527,0.411841646,0.564661841,0.294468348,0.119381048,0.320494297,0.852143248,0.409033527,0.411841646
02:50:02:13.177,61,0.564659705,0.295887783,0.119473565,0.319937636,0.852267573,0.094289036,0.408622126,0.412764219,0.564659705,0.295887783,0.119473565,0.319937636,0.852267573,0.408622126,0.412764219
02:50:02:14.178,61,0.563320438,0.296131293,0.120511517,0.323908411,0.852194697,0.093748397,0.410553142,0.416319209,0.563320438,0.296131293,0.120511517,0.323908411,0.852194697,0.410553142,0.416319209
02:50:02:15.180,61,0.563220451,0.295995101,0.120542629,0.324007213,0.852197995,0.093756521,0.410531153,0.416353005,0.563220451,0.295995101,0.120542629,0.324007213,0.852197995,0.410531153,0.416353005
02:50:02:16.182,61,0.557464475,0.29303665,0.121388141,0.325006296,0.85184589,0.093184273,0.410696308,0.41601822,0.557464475,0.29303665,0.121388141,0.325006296,0.85184589,0.410696308,0.41601822
02:50:02:17.183,61,0.555949812,0.292432365,0.121501413,0.323835974,0.85160015,0.093290204,0.409847925,0.415167508,0.555949812,0.292432365,0.121501413,0.323835974,0.85160015,0.409847925,0.415167508
02:50:02:18.185,61,0.554597706,0.290881698,0.121666276,0.323069446,0.85147058,0.093251831,0.407059429,0.414099053,0.554597706,0.290881698,0.121666276,0.323069446,0.85147058,0.407059429,0.414099053
02:50:02:19.186,61,0.55262738,0.288648754,0.12189106,0.323754629,0.85111469,0.09265244,0.406336136,0.415293773,0.55262738,0.288648754,0.12189106,0.323754629,0.85111469,0.406336136,0.415293773
02:50:02:20.188,61,0.552415252,0.28814851,0.121947096,0.323783629,0.851347446,0.092599315,0.406563555,0.415442685,0.552415252,0.28814851,0.121947096,0.323783629,0.851347446,0.406563555,0.415442685
02:50:02:21.189,61,0.550320864,0.286484852,0.121984792,0.32423497,0.851434032,0.0926572,0.403363576,0.411906878,0.550320864,0.286484852,0.121984792,0.32423497,0.851434032,0.403363576,0.411906878
02:50:02:22.191,61,0.549778998,0.28541181,0.12253941,0.327662336,0.850373348,0.091986118,0.403127442,0.411598255,0.549778998,0.28541181,0.12253941,0.327662336,0.850373348,0.403127442,0.411598255
02:50:02:23.193,61,0.549778998,0.28541181,0.12253941,0.327662336,0.850373348,0.091986118,0.403127442,0.411598255,0.549778998,0.28541181,0.12253941,0.327662336,0.850373348,0.403127442,0.411598255
02:50:02:24.194,61,0.550154264,0.283801722,0.123724613,0.329143065,0.8498484,0.091860252,0.402257281,0.409975829,0.550154264,0.283801722,0.123724613,0.329143065,0.8498484,0.402257281,0.409975829
02:50:02:25.196,61,0.549106653,0.283469729,0.123494841,0.3287383,0.848521193,0.091876737,0.40093484,0.409240874,0.549106653,0.283469729,0.123494841,0.3287383,0.848521193,0.40093484,0.409240874
02:50:02:26.197,61,0.548666437,0.281814146,0.123635835,0.328778965,0.847837627,0.091039336,0.400149979,0.407514609,0.548666437,0.281814146,0.123635835,0.328778965,0.847837627,0.400149979,0.407514609
02:50:02:27.199,61,0.548686206,0.281558591,0.123638575,0.328902577,0.847492963,0.090313285,0.397616396,0.407295415,0.548686206,0.281558591,0.123638575,0.328902577,0.847492963,0.397616396,0.407295415
02:50:02:28.200,61,0.548800409,0.28217688,0.12367926,0.328975961,0.847472539,0.090380096,0.398079373,0.407076015,0.548800409,0.28217688,0.12367926,0.328975961,0.847472539,0.398079373,0.407076015
02:50:02:29.202,61,0.549408118,0.282493365,0.123613998,0.329019226,0.848072827,0.08992316,0.398146093,0.406720006,0.549408118,0.282493365,0.123613998,0.329019226,0.848072827,0.398146093,0.406720006
02:50:02:30.204,61,0.549560825,0.282499038,0.123685041,0.328894938,0.847987761,0.089135365,0.396998952,0.406515134,0.549560825,0.282499038,0.123685041,0.328894938,0.847987761,0.396998952,0.406515134
02:50:02:31.205,61,0.551962127,0.283357618,0.123497448,0.328977553,0.848253081,0.08789721,0.394181232,0.406580451,0.551962127,0.283357618,0.123497448,0.328977553,0.848253081,0.394181232,0.406580451
02:50:02:32.207,61,0.552731842,0.282433994,0.123266337,0.32640709,0.846225719,0.085686979,0.395700132,0.406207656,0.552731842,0.282433994,0.123266337,0.32640709,0.846225719,0.395700132,0.406207656
02:50:02:33.208,61,0.555153981,0.283759318,0.122941314,0.315742326,0.844946464,0.090908512,0.399726555,0.405786787,0.555153981,0.283759318,0.122941314,0.315742326,0.844946464,0.399726555,0.405786787
02:50:02:34.210,61,0.550177435,0.280610368,0.122395735,0.315181561,0.844622542,0.091862344,0.401267973,0.402960348,0.550177435,0.280610368,0.122395735,0.315181561,0.844622542,0.401267973,0.402960348
02:50:02:35.211,61,0.549808477,0.280238797,0.122386505,0.315110097,0.84457615,0.091857802,0.400898926,0.401963888,0.549808477,0.280238797,0.122386505,0.315110097,0.84457615,0.400898926,0.401963888
02:50:02:36.213,61,0.550539071,0.279640064,0.122280695,0.315880987,0.844782531,0.092052165,0.40191366,0.401806607,0.550539071,0.279640064,0.122280695,0.315880987,0.844782531,0.40191366,0.401806607
02:50:02:37.215,61,0.546738749,0.279496459,0.122068574,0.315314072,0.842336694,0.092141345,0.398865697,0.401763263,0.546738749,0.279496459,0.122068574,0.315314072,0.842336694,0.398865697,0.401763263
02:50:02:38.216,61,0.543956682,0.2819962,0.120839725,0.311577447,0.843909472,0.098315667,0.404398963,0.393787578,0.543956682,0.2819962,0.120839725,0.311577447,0.843909472,0.404398963,0.393787578
02:50:02:39.218,61,0.543608536,0.28156509,0.120828441,0.311287714,0.843783091,0.098349422,0.403912425,0.393255132,0.543608536,0.28156509,0.120828441,0.311287714,0.843783091,0.403912425,0.393255132
02:50:02:40.220,61,0.549598381,0.285769314,0.119775875,0.308910782,0.842908412,0.09936433,0.403098464,0.390251233,0.549598381,0.285769314,0.119775875,0.308910782,0.842908412,0.403098464,0.390251233
02:50:02:41.221,61,0.550943901,0.289226318,0.120011393,0.308920972,0.842692723,0.099893825,0.403870262,0.392359499,0.550943901,0.289226318,0.120011393,0.308920972,0.842692723,0.403870262,0.392359499
02:50:02:42.223,61,0.552002072,0.293744087,0.119646594,0.307257888,0.842674832,0.100290856,0.402628951,0.391326586,0.552002072,0.293744087,0.119646594,0.307257888,0.842674832,0.402628951,0.391326586
02:50:02:43.225,61,0.551827808,0.293361664,0.120341395,0.309900922,0.842817148,0.100197316,0.40365422,0.399225146,0.551827808,0.293361664,0.120341395,0.309900922,0.842817148,0.40365422,0.399225146
02:50:02:44.226,61,0.553998694,0.300025073,0.119223144,0.296627832,0.843093683,0.100340328,0.400122345,0.395354922,0.553998694,0.300025073,0.119223144,0.296627832,0.843093683,0.400122345,0.395354922
02:50:02:45.228,61,0.554557671,0.30435736,0.118717267,0.295961089,0.843098362,0.10039763,0.398750494,0.392698566,0.554557671,0.30435736,0.118717267,0.295961089,0.843098362,0.398750494,0.392698566
02:50:02:46.229,61,0.555420895,0.310002444,0.11813563,0.295217258,0.843144019,0.100671866,0.396061249,0.390894686,0.555420895,0.310002444,0.11813563,0.295217258,0.843144019,0.396061249,0.390894686
02:50:02:47.231,61,0.555540721,0.31666291,0.117438182,0.292721413,0.843171209,0.101450979,0.392453539,0.389849837,0.555540721,0.31666291,0.117438182,0.292721413,0.843171209,0.392453539,0.389849837
02:50:02:48.232,61,0.553958024,0.324581996,0.11723186,0.287012917,0.842957705,0.102635431,0.3867869,0.391241511,0.553958024,0.324581996,0.11723186,0.287012917,0.842957705,0.3867869,0.391241511
02:50:02:49.234,61,0.554080233,0.32442492,0.117214154,0.287016573,0.843112101,0.102703967,0.386880907,0.391446002,0.554080233,0.32442492,0.117214154,0.287016573,0.843112101,0.386880907,0.391446002
02:50:02:50.236,61,0.55827711,0.343336495,0.117005484,0.280085089,0.845413238,0.104070127,0.381343794,0.394346602,0.55827711,0.343336495,0.117005484,0.280085089,0.845413238,0.381343794,0.394346602
02:50:02:51.237,61,0.563584656,0.356472991,0.110860707,0.271896683,0.851283699,0.100889655,0.371790337,0.381191168,0.563584656,0.356472991,0.110860707,0.271896683,0.851283699,0.371790337,0.381191168
02:50:02:52.239,61,0.564800074,0.353654534,0.109456888,0.271688059,0.852800608,0.099729509,0.37092115,0.372946822,0.564800074,0.353654534,0.109456888,0.271688059,0.852800608,0.37092115,0.372946822
02:50:02:53.240,61,0.564265152,0.349317046,0.108129038,0.271522713,0.850503554,0.104454321,0.36983182,0.368614618,0.564265152,0.349317046,0.108129038,0.271522713,0.850503554,0.36983182,0.368614618
02:50:02:54.242,61,0.56256024,0.345398689,0.107429627,0.271293965,0.85121276,0.106211965,0.374194279,0.366624786,0.56256024,0.345398689,0.107429627,0.271293965,0.85121276,0.374194279,0.366624786
02:50:02:55.243,61,0.561737696,0.345164227,0.107351276,0.271246793,0.850939731,0.108092737,0.374802875,0.366303239,0.561737696,0.345164227,0.107351276,0.271246793,0.850939731,0.374802875,0.366303239
02:50:02:56.245,61,0.561125467,0.343954635,0.107001688,0.271077139,0.851875295,0.108504406,0.378316015,0.367289973,0.561125467,0.343954635,0.107001688,0.271077139,0.851875295,0.378316015,0.367289973
